Date,year,month,week,us_prcp,us_mean_temp,ca_mean_temp,ca_total_prec,Crude Oil WTI,Gold,Oats,Corn,Wheat,USD_CAD,USD_CNY,USD_EUR,USD_PHP,SWE,Import,Inflation_rate,export,fertlizer price index
1990-09,1990,9,39,13.31,63.63546798,3.654945055,70.2,,,122.15,227.35,,1.1519,4.7339,0.73778,,2.1,11714,6.2,7588,31.86
1990-10,1990,10,41.5,18.54753571,55.10124701,5.37967033,34.62142857,32.71916667,374.445,121.7875,230.425,266.5,1.162155,4.7339,0.72433,,126.0178572,12297,6.3,625,38.73
1990-11,1990,11,45.5,13.91458333,52.37572841,1.168131867,34.65,29.997,378.75875,111.984375,225.640625,259.934375,1.1633,4.98455,0.7098,,1162.242857,10892,6.3,1391,40.04
1990-12,1990,12,50,23.96196429,35.17401992,-5.228351649,38.73571428,26.13266667,380.0413333,110.67,229.37,272.03,1.160036,5.2352,0.719148,,3859.324286,8201,6.1,2654,40.36
1991-01,1991,1,11.6,17.43904762,43.05665788,-3.442739927,21.608,22.0083,368.613,116.4116667,238.83,299.9342857,1.155023333,5.27772,0.726403333,,6150.796381,2542,5.7,1664,40.97
1991-02,1991,2,5.5,20.35857143,46.19809695,-1.942582417,30.83928572,21.047125,365.31375,108.89375,241.1125,274.475,1.15639,5.2352,0.705865,,8988.707143,3778,5.3,7780,41.1
1991-03,1991,3,10,22.26342857,49.40951235,0.423296703,28.57714286,20.3186,362.045,119.435,247.21,282.59,1.156072,5.2352,0.763854,,11520.08,4631,4.9,4591,39.96
1991-04,1991,4,14.5,25.2675,54.98643743,5.364010989,35.33928572,21.59275,360.4275,125.2875,256.3625,291.8,1.153325,5.275375,0.8089575,,11528.71072,7988,4.9,6083,40.25
1991-05,1991,5,18.5,26.75392857,62.09053682,8.615064104,27.24642857,21.07858333,357.7020833,126.1875,243.675,292.91875,1.15054,5.32005625,0.82159625,,7083.082143,3843,5,2703,39.06
1991-06,1991,6,23,21.20771429,67.35315516,11.91340659,30.75428571,20.6677,363.775,116.6075,240.83,289.97,1.14418,5.361957,0.844877,,1493.74,4481,4.7,195,38.57
1991-07,1991,7,27.5,18.85678572,67.92610772,13.02802198,31.98214286,21.98133333,365.6783333,121.325,236.0125,288.425,1.148855,5.370685,0.85681,,26.66785714,4271,4.4,1528,38.13
1991-08,1991,8,31.5,18.21,67.00064946,12.77994505,28.20357143,21.85141667,360.825,128.0125,250.1625,291.8,1.146525,5.367265,0.834565,,0,7856,3.8,2370,37.88
1991-09,1991,9,36,19.08857143,64.36183867,10.64417582,35.06,22.0226,355.74,123.0425,248.89,313.165,1.13818,5.386821333,0.817102,,0,1112,3.4,3738,37.62
1991-10,1991,10,40.5,14.68678571,57.49669953,5.341483516,26.31071429,22.84225,363.18375,131.2,250.6625,330.465625,1.129005,5.39209375,0.80916,,50.20714287,8317,2.9,5684,37.54
1991-11,1991,11,44.5,24.895,52.52524871,2.397252748,34.87857143,22.094,363.0491667,129.55,245.9625,332.6583333,1.12793,5.395556667,0.786795,,704.8964285,5528,3,3836,37.75
1991-12,1991,12,49,17.23514286,45.17833393,-1.244615385,25.02285714,20.3276,360.794,129.565,245.1175,360.1,1.144304,5.417636,0.757277333,,3125.888571,11142,3.1,1739,37.39
1992-01,1992,1,11.6,17.63727143,42.46358228,-4.677389744,32.70485714,19.77436667,345.0806667,139.11,247.81,387.5346429,1.174775667,5.517453,0.762825333,24.9375,6055.326286,7041,2.6,1331,36.05
1992-02,1992,2,5.5,19.61892857,48.71581636,-1.942532468,33.40357143,19.66,349.35625,156.503125,264.640625,397.6875,1.180805,5.46594,0.77214,,8903.121428,9853,2.8,2155,35.78
1992-03,1992,3,10,18.62028571,48.93499079,0.14507326,26.38571428,19.4476,344.292,151.04,266.66,388.21,1.19084,5.47316,0.79594,,11417.53429,10204,3.2,2060,35.69
1992-04,1992,4,14.5,23.00928572,55.60369925,4.803791208,24.62857143,20.140875,341.41,140.19375,256.0541667,373.353125,1.1863,5.49018,0.7899275,,11679.01786,19747,3.2,2125,35.7
1992-05,1992,5,19,16.75942857,59.93155688,8.701076924,24.55714286,20.9209,339.976,140.405,253.4675,366.785,1.19836,5.50528,0.77872,26.275,6753.848571,15902,3,47,35.72
1992-06,1992,6,23.5,19.12928572,63.54029329,10.65824176,33.66428572,21.48325,344.26625,136.7375,256.225,360.609375,1.19556,5.476715,0.75598,26.4025,1222.585714,15848,3.1,2492,35.72
1992-07,1992,7,27.5,24.45107143,65.54381591,11.38558941,32.7,21.22025,349.9116667,129.096875,237.4875,353.2677083,1.19391,5.4514,0.718425,25.91,37.54285715,17656,3.2,12300,35.72
1992-08,1992,8,32,22.31571429,66.18378205,12.41802198,31.87714286,21.26423333,342.5056667,124.26,219.83,332.8483333,1.189708,5.42954,0.700608,25.034,0,27844,3.1,9389,35.95
1992-09,1992,9,36.5,19.84928572,62.45058477,8.739583332,31.275,21.23066667,346.2479167,139.853125,222.1125,347.775,1.21577,5.484385,0.70543625,24.83,0,17068,3,9691,36.05
1992-10,1992,10,40.5,13.53285714,56.7588967,5.324175825,25.63571429,21.19908334,344.3058333,135.0875,210.5,359.43125,1.24606,5.529205,0.72562,24.93,38.43571429,16512,3.2,6488,35.6
1992-11,1992,11,45,20.85628571,49.75474992,1.644255744,29.46571429,20.4649,338.46,139.18,210.78,368.475,1.261736,5.59404,0.779932,24.786,822.0571429,11359,3,2711,34.26
1992-12,1992,12,49.5,18.39035714,44.23214347,-2.421700799,26.13928572,20.11983333,338.3025,144.38125,212.821875,367.98125,1.272755,5.804605,0.7849675,25.355,3257.342857,19345,2.9,14252,33.71
1993-01,1993,1,10.33333333,13.98984127,39.38666193,-6.011489621,23.38134921,18.39375,347.2961111,142.975,234.8425,365.5727183,1.287888,5.772344,0.823544,25.576,6234.767064,10177,3.3,6757,33.47
1993-02,1993,2,6.5,17.65071429,40.69434016,-4.216518066,29.55,19.350625,345.41625,138.553125,212.325,351.49375,1.25961,5.771265,0.826095,25.2375,9334.625001,13840,3.2,7568,33.42
1993-03,1993,3,10.5,23.91392857,48.03785341,0.224655761,29.79642857,19.3695,346.89,136.5,218.1375,355.496875,1.24631,5.732955,0.833315,25.335,11594.54286,14018,3.1,17821,30.49
1993-04,1993,4,14.5,25.81892857,54.60989857,5.311691294,30.85714286,19.79841667,347.3270833,145.915625,230.003125,345.6791667,1.258735,5.7092,0.81092625,25.8425,11742.80714,17252,3.2,9746,29.67
1993-05,1993,5,19,18.21171429,59.62305708,8.335462926,29.60285714,19.64366667,364.0596667,140.23,225.47,334.4425,1.268788,5.71792,0.803756,26.64,6961.128571,7837,3.2,5818,29.55
1993-06,1993,6,23.5,25.09464286,64.18801355,10.71625458,38.45,18.63404167,364.88875,134.028125,217.875,310.6989583,1.27831,5.73406,0.82521625,26.895,1327.671429,8258,3,11744,29.44
1993-07,1993,7,27.5,23.5125,66.12252444,11.68316558,34.35,18.14395833,376.9529167,142.2875,233.046875,307.8229167,1.281475,5.7612,0.86146,27.2075,44.52857143,6690,2.8,6159,29.42
1993-08,1993,8,32,19.616,69.5675796,13.36299484,29.56571429,18.2022,371.2953333,141.61,238.56,319.145,1.302388,5.771912,0.872312,27.75,0,20629,2.8,9337,29.55
1993-09,1993,9,36.5,24.00107143,62.04475638,8.594883868,20.56428572,17.862875,358.965,136.765625,233.58125,315.3625,1.319865,5.787025,0.83619625,28.04625,0,23383,2.7,14049,29.55
1993-10,1993,10,41,18.28714286,55.93129273,5.595497502,35.03,18.1036,363.528,137.67,247.82,329.85,1.325956,5.7828,0.84516,28.915,64.88285715,32028,2.8,8734,29.76
1993-11,1993,11,45.5,19.20892857,48.14422987,0.35494228,25.51428572,17.75383333,366.5133333,133.20625,273.396875,345.3145833,1.31511,5.79317,0.874415,28.4875,917.0178572,31721,2.7,12589,30.09
1993-12,1993,12,49.5,17.53535714,43.96874703,-0.068369547,26.78571429,16.36395833,372.6716667,130.378125,287.215625,355.7635417,1.3319,5.80775,0.876615,27.89375,3160.707143,24588,2.7,28048,31.05
1994-01,1994,1,10.33333333,18.50309524,39.40192121,-6.299267399,38.24761905,16.5031,384.247,133.7575,288.5925,373.4993056,1.334428,8.650488,0.873409,27.0376,6150.457143,21074,2.5,2303,31.19
1994-02,1994,2,6.5,17.765,44.69055025,-4.564835165,26.31071429,15.68975,380.63375,129.75,291.059375,359.971875,1.34092,8.70262,0.88481,27.63625,9248.460715,19090,2.5,2912,31.22
1994-03,1994,3,10.5,15.11428572,50.59450334,0.501236264,29.55,16.023375,385.37375,127.7875,280.3,345.675,1.36138,8.70208,0.868265,27.60875,11540.35357,22939,2.5,3827,33.21
1994-04,1994,4,14.5,18.73071428,55.85927426,5.082967034,29.025,16.33875,380.8066667,122.490625,271.453125,339.6197917,1.382445,8.703675,0.86641625,27.55575,11799.725,29217,2.4,6928,34.05
1994-05,1994,5,19,20.96885714,60.46937617,7.688571428,36.64571429,17.6179,381.81,115.905,263.165,333.4575,1.380016,8.669176,0.847908,27.2388,7166.505715,39687,2.3,6021,34.19
1994-06,1994,6,23.5,21.33678572,66.66269241,11.04642857,39.26428572,18.41433333,386.9358334,127.56875,272.278125,341.3854167,1.382845,8.65784,0.83846875,27.03875,1438.710714,31522,2.5,5735,34.19
1994-07,1994,7,28,23.31542857,68.53630263,13.83934066,36.19142857,18.54686667,384.4026667,115.4525,233.4575,337.265,1.382284,8.641664,0.806632,26.624,42.37714286,26008,2.8,3426,34.62
1994-08,1994,8,32.5,22.44821429,65.54202481,11.55879121,26.76428572,17.33725,381.30125,120.5875,219.175,351.325,1.379205,8.59206,0.80445,26.35625,0,17150,2.9,11898,31.97
1994-09,1994,9,36.5,23.01071428,62.80680485,9.690934067,21.81071429,17.28345833,387.03875,124.521875,220.559375,365.6270833,1.358235,8.544265,0.799095,26.18125,0,16850,3,8595,31.97
1994-10,1994,10,41,18.70428572,57.20496052,6.670109891,27.42285714,17.36786667,388.3486667,128.26,215.88,385.9475,1.34858,8.529568,0.785372,25.4935,57.77142857,21319,2.6,6407,32.21
1994-11,1994,11,45.5,17.54035714,49.94192624,1.44010989,27.52857143,17.49575,384.10125,122.81875,216.128125,365.040625,1.362885,8.518355,0.79121,24.266125,861.1750001,17523,2.7,11256,32.66
1994-12,1994,12,49.5,18.70607143,46.78097962,-0.682142858,31.03571429,17.22895833,381.37125,114.075,218.2875,372.5427083,1.384885,8.493635,0.81261,24.06175,3064.246428,13741,2.7,24906,32.66
1995-01,1995,1,12.6,23.74142857,44.59847679,-2.220677656,32.95428571,18.4035,381.4675,122.25625,232.634375,429.9642857,1.411935,8.441355,0.79671125,24.5815,6317,15162,2.8,21110,43.1
1995-02,1995,2,6.5,14.79464286,46.71475073,-2.076419412,28.18035715,18.50575,379.095,119.771875,232.95625,381.56875,1.40175,8.435905,0.785935,24.938,9161.692857,13779,2.9,8883,45.63
1995-03,1995,3,10.5,18.16964286,52.57222236,0.701007326,28.95714286,18.411125,383.1675,125.15,239.075,374.3375,1.406715,8.42786,0.755655,25.7855,11484.46786,19474,2.9,3510,47.6
1995-04,1995,4,15,21.02,52.85991287,3.809798534,25.38571428,19.35493333,388.0176667,136.0925,248.795,374.8633333,1.38038,8.42314,0.741222,26.0008,11524.05714,25210,3.1,14487,49.57
1995-05,1995,5,19.5,25.84392857,59.39137476,7.271474359,28.52142857,19.107,384.71625,144.65,255.8,393.0104167,1.359195,8.31804,0.75006375,25.875,6657.575,25944,3.2,1705,42.98
1995-06,1995,6,23.5,19.92571429,63.94208037,11.07048993,33.48928571,18.31533333,385.9975,148.31875,273.053125,402.8760417,1.377235,8.301505,0.74323875,25.7404375,1555.571429,25909,3,1498,33.11
1995-07,1995,7,28,23.74428571,68.91113678,13.05047619,39.74,17.66813333,386.8306667,157.72,282.965,442.6033333,1.363696,8.3008,0.733892,25.51,50.45999999,22272,2.8,1341,33.43
1995-08,1995,8,32.5,20.72892857,66.55606133,10.87239011,35.02142857,18.1785,383.875,162.525,281.1375,428.1125,1.358655,8.3059,0.751535,25.676,0,18493,2.6,3383,33.43
1995-09,1995,9,36.5,19.25464286,61.89608103,8.407921244,32.57142857,18.23470833,383.8120833,170.26875,295.11875,438.953125,1.348525,8.318605,0.76837375,25.9345,0,17598,2.5,18190,33.43
1995-10,1995,10,41,18.59142857,56.9007667,6.573873626,28.38571429,17.69656667,383.5083333,185.66,319.31,465.4425,1.345476,8.316168,0.74654,25.96508,51.23714287,16575,2.8,12410,33.57
1995-11,1995,11,45.5,16.60678572,49.14680167,1.088186812,34.39107143,18.11083334,384.4425,203.290625,328.315625,469.1854167,1.35205,8.313885,0.741355,26.1396,807.0821429,16901,2.6,30787,34.18
1995-12,1995,12,50,16.16714286,42.81445222,-3.42532967,32.7,18.8544,386.964,229.835,342.9075,482.6475,1.366844,8.315168,0.75198,26.20608,3318.045714,15149,2.5,27833,34.28
1996-01,1996,1,2,22.49409524,39.17620822,-6.205590243,28.59238095,19.4496,397.037,225.65,362.9575,492.0766667,1.366694,8.318094,0.777448,26.20943,6865.199524,10768,2.7,19214,34.28
1996-02,1996,2,6.5,14.14142857,45.72152087,-1.332600733,35.11428572,20.417375,395.7625,216.9125,376.25625,501.584375,1.375375,8.31427,0.77879,26.15605,9679.792858,8760,2.7,31039,34.66
1996-03,1996,3,11,14.466,47.63279803,0.243553114,24.54714286,21.8874,392.884,231.4775,398.905,502.7125,1.363252,8.330664,0.781392,26.1814,11849.7,19312,2.8,29925,34.9
1996-04,1996,4,15.5,22.3625,53.41252471,4.280665168,41.75535714,22.804,389.54625,249.75,464.5875,557.625,1.36041,8.330845,0.7945125,26.17225,10812.55,21696,2.9,28617,44.98
1996-05,1996,5,19.5,21.85857143,63.08026665,9.901898104,29.80357143,21.46066667,388.87125,237.89375,496.4875,544.1895833,1.36998,8.328235,0.80054375,26.166,5570.939286,19595,2.9,14691,46.28
1996-06,1996,6,24,23.97771429,63.4195366,9.694630369,24.76285714,20.7498,387.603,228.2375,480.865,497.75,1.364496,8.322012,0.795448,26.1872,840.9628571,20867,2.8,18361,46.72
1996-07,1996,7,28.5,28.21428572,67.87481439,13.93043831,44.66785714,21.3915,386.4058333,222.6125,443.6875,454.0083333,1.37127,8.313925,0.781005,26.19,6.832142857,17430,3,36594,48.45
1996-08,1996,8,32.5,20.25785714,69.69701445,15.72886905,29.66071429,22.321,387.52,194.2875,364.8625,464.7375,1.37159,8.30767,0.7764975,26.19525,0,18605,2.9,40341,48.92
1996-09,1996,9,37,22.93171429,57.41177754,7.638571427,44.7,22.9147,385.904,178.3925,334.9425,471.0975,1.36744,8.30376,0.785648,26.235,0.214285714,13423,3,29188,48.28
1996-10,1996,10,41.5,19.26785715,55.07918375,5.653300866,35.03571429,24.1765,382.175,170.8875,281,417.7125,1.34774,8.29943,0.789415,26.27125,112.9678572,27112,3,28359,47.03
1996-11,1996,11,45.5,19.81178572,46.35952309,-1.136201298,28.81785715,23.49808333,380.0108333,155.753125,268.534375,429.7385417,1.338535,8.299365,0.780975,26.26795,1097.942857,34047,3.3,28756,47.08
1996-12,1996,12,50,17.96066666,42.52227455,-4.117698414,34.49571428,24.14996667,375.8456667,150.3875,265.5775,423.0491667,1.363168,8.298884,0.798380667,26.296,3769.335238,29323,3.3,21102,47.35
1997-01,1997,1,11.6,17.225,41.56608803,-3.262065019,42.28285714,21.40933333,334.597,155.7683333,265.2866667,364.1769047,1.369498667,8.293336,0.833128667,29.15051333,6067.214286,25358,3,18430,47.17
1997-02,1997,2,5.5,18.19857143,46.12463676,-2.188759157,37.87857143,21.92320833,343.0566667,167.846875,275.95,366.4458333,1.3508,8.292885,0.85434,26.3427375,8903.121428,41635,3,15414,45.24
1997-03,1997,3,10,17.66257143,49.51791165,-1.107912088,28.04428571,21.13123333,346.671,184.4525,302.2675,375.0741667,1.370668,8.295524,0.869249,26.33804,11460.1,35612,2.8,23697,43.47
1997-04,1997,4,14.5,15.64285714,53.75661574,4.669505495,25.42321429,20.148625,338.31875,171.7875,300.8625,395.925,1.39357,8.295785,0.8738175,26.3664,11607.975,31093,2.5,15870,41.42
1997-05,1997,5,18.5,19.37607143,58.13548052,7.195444138,35.16785714,20.85429167,337.6270833,169.3375,287.8875,380.3614583,1.38237,8.293285,0.87433125,26.37375,7294.596429,34732,2.2,7942,37.86
1997-06,1997,6,23,21.54971429,64.55731676,12.08928571,39.86714286,20.226,339.355,164.685,267.3475,352.805,1.383828,8.292048,0.880491,26.37692,1608.157143,31548,2.3,13965,37.19
1997-07,1997,7,27.5,19.22285714,66.81108476,12.84792708,15.76785715,20.25183333,328.1775,165.225,253.196875,349.5333333,1.37634,8.29117,0.9055,27.6096,31.66785714,19756,2.2,13547,37.66
1997-08,1997,8,32,19.62342857,66.74275407,12.80772561,27.64,20.136,326.336,165.34,261.99,364.56,1.38824,8.289532,0.935838,29.605,0,25446,2.2,19137,35.97
1997-09,1997,9,36.5,20.895,61.50389901,9.151465201,25.36785714,20.15725,326.845,164.034375,265.2,364.715625,1.38711,8.287385,0.912515,32.6275,0,18671,2.2,12966,33.93
1997-10,1997,10,40.5,15.66464286,54.12508164,5.939445972,22.275,20.78883334,327.0458334,161.55,278.7375,364.5729167,1.381265,8.28403,0.898255,34.47725,44.04285714,33279,2.1,18210,33.86
1997-11,1997,11,45,16.81257143,46.40909991,0.837688978,27.35285714,20.0326,312.8453333,153,277.2175,350.9308333,1.411272,8.28136,0.880012,34.724,874.3314286,28434,1.8,5378,34.6
1997-12,1997,12,49.5,21.72178571,44.10638666,-0.164445971,19.10714286,19.182,309.51625,149.671875,265.89375,345.3625,1.426545,8.279615,0.902341667,37.925,3353.757143,28929,1.7,18475,34.69
1998-01,1998,1,11.6,18.93668572,42.91499042,-4.07172161,36.26742857,14.57091667,290.455,141.5,257.7375,304.9875,1.456051,8.279112,0.909684,42.0885,5983.966286,22239,1.6,6947,34.15
1998-02,1998,2,5.5,19.86107143,48.21879631,0.490659341,25.92678572,15.82141667,297.4104167,146.003125,271.984375,314.1791667,1.44242,8.278975,0.922305,40.9425,8818.332143,27956,1.4,15771,32.9
1998-03,1998,3,10,22.76171429,49.97532303,1.520970696,27.77428572,14.9965,294.856,140.12,265.78,314.1325,1.416636,8.279172,0.924936,39.236,11398.56286,30720,1.4,18572,33.9
1998-04,1998,4,14.5,22.93,55.91955263,6.54478022,25.45714286,15.16545833,302.4629167,130.16875,250.990625,298.2395833,1.42736,8.27934,0.92368,38.1444,11679.01786,23303,1.4,16664,36.19
1998-05,1998,5,19,19.38771428,62.35228735,10.33010989,26.22857143,14.92436667,297.5916667,126.895,243.2125,294.3183333,1.4434,8.278876,0.905198,39.3612,6753.848571,27811,1.7,15394,35.62
1998-06,1998,6,23.5,26.10642857,66.46156882,12.07939561,37.92321429,14.055625,293.77625,125.35,242.1875,290.896875,1.464535,8.279755,0.910975,40.5175,1222.585714,21201,1.7,29091,34.74
1998-07,1998,7,27.5,26.18535714,68.40354693,13.35412088,23.30178571,14.29845833,294.7383333,118.946875,234.528125,276.3166667,1.480115,8.279725,0.916855,41.725,37.54285715,22383,1.7,25556,34.4
1998-08,1998,8,32,23.71771429,69.03614577,13.82615385,32.17857143,13.90553333,288.5083333,105.86,209.84,264.8766667,1.528064,8.27992,0.909216,43.017,0,20328,1.6,20575,34.19
1998-09,1998,9,36.5,19.8025,64.15282396,10.01318681,25.58035714,14.82675,291.045,107,198.0625,275.71875,1.523955,8.279115,0.86984,43.79375,0,14942,1.5,18989,33.78
1998-10,1998,10,40.5,21.52571429,57.50922574,7.361263736,32.91428571,14.17170833,294.4775,115.4875,217.475,285.1958333,1.53974,8.277865,0.83591,43.2875,38.43571429,26857,1.5,18854,32.58
1998-11,1998,11,45,16.37,52.52134322,2.751208791,39.44714286,13.26196667,294.5606667,111.7275,218.8925,287.88,1.540976,8.277776,0.854956,40.1034,822.0571429,19664,1.5,12562,31.64
1998-12,1998,12,49.5,15.66571429,44.57824516,-1.582326007,28.725,12.643875,290.465,106.403125,215.646875,282.934375,1.542025,8.27786,0.85228125,39.0435,3257.342857,21747,1.6,15193,30.9
1999-01,1999,1,10.33333333,19.55710318,43.488314,-3.90509768,29.55753968,16.46038889,285.3725,108.13,214.21,263.8931548,1.505696,8.279036,0.888672,38.736,6234.767064,26457,1.7,13428,30.69
1999-02,1999,2,6.5,16.9375,46.28711486,-0.542170329,29.84285715,14.96575,281.7675,103.896875,214.58125,253.7135417,1.497045,8.278215,0.892555,38.81375,9334.625001,28759,1.6,25029,31.81
1999-03,1999,3,10.5,17.10214286,50.14204261,3.155769231,31.92857143,17.092625,280.00625,110.525,218.3625,265.275,1.51847,8.27904,0.916985,38.9145,11594.54286,23008,1.7,19415,33.91
1999-04,1999,4,14.5,19.28535714,54.33621255,5.854807694,25.52678571,17.68958333,283.7441667,118.2125,221.00625,264.0739583,1.494525,8.27928,0.9318,38.40375,11742.80714,18573,2.3,10573,32.34
1999-05,1999,5,19,18.63028571,60.16708072,9.230274727,29.07714286,17.70346667,280.163,123.23,217.28,257.6916667,1.462844,8.278676,0.940784,37.84892,6961.128571,29864,2.1,13616,32.4
1999-06,1999,6,23.5,20.70678572,64.34667492,11.84395604,27.17321429,18.72804167,271.27625,120.4625,218.4875,258.9645833,1.469425,8.27794,0.96198,37.8795,1327.671429,25064,2,16702,32.16
1999-07,1999,7,27.5,19.06642857,67.53245575,12.84519231,38.58928571,19.543125,265.71375,110.515625,192.40625,250.040625,1.47995,8.277895,0.972065,38.2276,44.52857143,31141,2.1,19338,31.57
1999-08,1999,8,32,18.68028571,69.65906548,13.83692308,29.25428571,20.33753333,266.1113333,108.97,211.63,262.6733333,1.49554,8.27724,0.941136,39.1456,0,26513,2.3,11849,31.85
1999-09,1999,9,36.5,19.66857143,61.95571153,10.28846154,36.51428572,21.90666667,265.3566667,109.0625,205.20625,261.425,1.480765,8.27739,0.953215,40.0755,0,17029,2.6,24594,31.89
1999-10,1999,10,41,16.68714286,56.3665921,6.186483517,34.90857143,21.9884,294.224,110.77,202.96,262.15,1.475104,8.277524,0.935824,40.3944,64.88285715,13730,2.6,19603,31.45
1999-11,1999,11,45.5,14.69321429,52.45244572,3.379532967,32.1125,22.58566666,291.5416667,108.03125,196.290625,252.671875,1.46664,8.27819,0.96591,40.35975,917.0178572,16552,2.6,20643,31.14
1999-12,1999,12,49.5,14.58107143,45.0337963,0.107005494,23.1625,22.79654167,284.3683333,103.859375,191.509375,244.9427083,1.47654,8.279245,0.98758,40.67925,3160.707143,15298,2.7,20035,31.26
2000-01,2000,1,10.5,11.535,39.41380447,-5.293589743,33.18690476,29.047625,282.51125,111.615625,216.040625,258.7213095,1.44836,8.279295,0.98473,40.4785,6205.528571,10173,2.7,17371,32.77
2000-02,2000,2,6.5,19.77428572,48.75759993,-0.529395605,28.15357143,29.743375,290.04,109.453125,220.1125,258.8,1.44981,8.27802,1.01487,40.6085,9248.460715,19800,3.2,18998,34.59
2000-03,2000,3,10.5,20.21,52.05808094,2.797664836,24.0625,29.670875,283.37375,115.6625,225.225,257.3291667,1.460585,8.27845,1.034345,40.97375,11492.41429,21943,3.8,17891,34.39
2000-04,2000,4,15,16.99885714,54.99873186,5.343470696,25.33714286,26.93853333,279.7843333,122.8075,228.06,253.4483333,1.465644,8.279232,1.055036,41.1928,11524.05714,21966,3.1,8505,33.6
2000-05,2000,5,19.5,20.285,60.56707778,8.25989011,30.21607143,29.369125,276.05375,124.225,236.9,268.328125,1.493785,8.278185,1.10515,41.76275,6657.575,20726,3.2,10632,34.71
2000-06,2000,6,23.5,23.05571429,64.17626047,10.24175824,28.2875,30.91533333,281.1979167,109.71875,214.171875,263.5572917,1.47908,8.277065,1.054785,42.5855,1555.571429,20309,3.7,12549,36.74
2000-07,2000,7,28,18.11314286,67.84877634,13.71417582,32.12,30.24646667,281.512,102.5425,184.03,252.0383333,1.47824,8.279012,1.06232,44.171,50.45999999,19710,3.7,20000,39.24
2000-08,2000,8,32.5,15.31178572,66.44893052,12.14334936,28.20178572,30.821,277.07125,99.9,177.6,246.63125,1.48318,8.279605,1.101895,44.87825,0,9367,3.4,22454,41.03
2000-09,2000,9,36.5,20.28035714,63.73118893,9.820570055,38.50714286,32.939625,275.8875,101.965625,183.4375,252.228125,1.481005,8.27849,1.145835,45.54725,0,14828,3.5,11254,38.24
2000-10,2000,10,41,15.096,58.33952925,6.55010989,30.53714286,31.79183333,274.325,107.71,198.37,259.0516667,1.507628,8.278752,1.163784,47.7142,51.23714287,23163,3.4,16220,37.78
2000-11,2000,11,45.5,19.2,46.0944992,1.304532966,31.54821429,32.51025,272.095,105.225,208.653125,256.6177083,1.54247,8.277375,1.171435,49.981,807.0821429,24842,3.4,20304,35.4
2000-12,2000,12,50,15.93828572,38.44071827,-4.367692307,41.84428571,29.4504,273.454,105.26,213.125,263.775,1.525132,8.277228,1.11836,49.888,3318.045714,21183,3.4,18226,34.92
2001-01,2001,1,2,15.05057143,41.05481615,-2.205769231,21.83833333,28.30293333,267.9423333,107.79,216.2175,277.4825,1.501771,8.277552,1.065506,50.6595,6865.199524,16871,3.7,22812,38.5
2001-02,2001,2,6.5,17.60642857,45.13167518,-2.817307691,24.40178572,27.584375,264.38125,102.078125,211.671875,264.9,1.52825,8.277105,1.086345,48.14,9687.764286,16880,3.5,22790,36.24
2001-03,2001,3,10.5,19.35857143,50.44233862,2.321565933,28.60892858,26.243,263.875,105.7875,210.675,266.775,1.55963,8.277485,1.103755,48.5505,11795.67857,20995,2.9,27847,35.33
2001-04,2001,4,15,13.72514285,55.43874429,5.181208791,21.10428571,27.0563,266.684,109.26,205.03,270.1166667,1.55428,8.277152,1.119488,50.31,10996.01714,18015,3.3,22498,34.82
2001-05,2001,5,19.5,23.17535714,62.92727897,10.39519231,39.19107143,27.82320833,274.38125,110.646875,195.159375,267.9385417,1.542215,8.27722,1.14969,50.465,5353.478572,20236,3.6,21509,33.15
2001-06,2001,6,23.5,19.57035714,68.72778935,14.24752747,28.53571428,26.51391667,271.1866667,108.9625,192.4125,258.9,1.52358,8.277005,1.170945,51.6405,945.2285714,20823,3.2,11872,33.33
2001-07,2001,7,28,19.27142857,65.74224646,11.8132967,26.50571429,26.6615,267.659,136.1,211.8625,276.8075,1.530112,8.276884,1.15716,53.3022,17.96571429,30029,2.7,23296,33.4
2001-08,2001,8,32.5,19.77964286,69.73425296,15.28791209,19.46428571,26.72866667,274.7275,133.8,217.55,270.9916667,1.53951,8.27699,1.10467,51.587,0,21935,2.7,19721,33.65
2001-09,2001,9,37,19.13685714,60.04904164,9.533956045,30.94285714,26.29973333,279.4526667,157.275,212.3108333,269.4483333,1.56702,8.276816,1.094788,51.3302,0.362857143,24023,2.6,22411,34.44
2001-10,2001,10,41.5,15.73178572,54.14417591,5.061401101,24.35714286,23.077625,276.93,188.2875,202.375,282.971875,1.573775,8.276815,1.10748,51.84875,126.0178572,24973,2.1,17219,34.67
2001-11,2001,11,45.5,24.39214286,53.0052291,3.203021979,21.85714286,21.44116667,272.4091667,211.83125,204.2375,278.8416667,1.5934,8.276875,1.12762,51.98425,1162.242857,35016,1.9,27857,35.05
2001-12,2001,12,50,17.87614286,42.07985899,-2.285384616,26.69714286,21.7184,275.5933333,209.2825,204.765,282.575,1.581508,8.2768,1.122036,51.6392,3859.324286,30835,1.6,27455,35.77
2002-01,2002,1,11.6,17.54777143,44.46517163,-3.462710621,30.03628571,24.2208,304.634,198.653125,212.2766667,312.2146429,1.595593333,8.276925333,1.090792,51.79833333,6150.796381,23043,1.1,31888,36.2
2002-02,2002,2,5.5,15.69821429,47.15429144,-1.678983517,22.73571429,22.963875,297.32875,206.63125,205.90625,296.35625,1.59337,8.276685,1.149785,51.27125,8988.707143,27907,1.1,23933,35.95
2002-03,2002,3,10,16.18628571,46.26153915,-1.933956044,25.41,24.9377,300.1973333,221.17,203.1,291.9925,1.589852,8.276996,1.142716,51.0868,11520.08,26902,1.5,26258,34.61
2002-04,2002,4,14.5,18.22107143,56.05829412,4.160439561,23.66607143,25.820875,306.46875,181.675,199.35,299.528125,1.582565,8.27721,1.12984,50.977,11528.71072,22743,1.6,23188,33.47
2002-05,2002,5,18.5,18.72464286,56.43767912,6.397252747,25.72678572,26.63495833,312.3191667,170,203.225,293.90625,1.55498,8.277105,1.09533,49.86925,7083.082143,18883,1.2,14399,33.82
2002-06,2002,6,23,20.11457143,66.60096027,12.34307693,29.27571429,25.7045,318.465,188.6425,211.845,299.94,1.531416,8.27696,1.051064,50.3662,1493.74,24572,1.1,19060,34.45
2002-07,2002,7,27.5,17.68678572,67.99318359,12.9489011,23.5,26.16333333,312.76,195.078125,231.49375,330.525,1.54049,8.276815,1.005515,50.52975,26.66785714,28681,1.5,20529,34.57
2002-08,2002,8,31.5,21.31142857,67.78520262,12.57019231,20.16785714,27.2695,307.2608333,180.6125,256.0375,330.86875,1.572465,8.27671,1.02264,51.7015,0,20134,1.8,31678,36.45
2002-09,2002,9,36,23.77228571,65.08301313,11.32758242,23.67571429,28.4969,314.958,193.0083333,266.9325,363.9075,1.570704,8.27692,1.019844,52.1116,0,29053,1.5,36693,34.86
2002-10,2002,10,40.5,19.20464286,54.96107857,5.237087913,26.86964286,27.842375,312.48125,202.5,253.3625,363.94375,1.581965,8.27703,1.01924,52.886,50.20714287,12622,2,45435,34.61
2002-11,2002,11,44.5,19.88607143,50.50112244,3.063255494,44.90357143,25.99408333,314.2758333,196.175,243.875,359.4875,1.56946,8.27707,0.9991,53.20725,704.8964285,11725,2.2,45472,34.55
2002-12,2002,12,49,20.65457143,44.82089329,0.251483517,23.77428571,28.18303333,327.242,199.7,238.955,343.7425,1.559716,8.277388,0.986776,53.5032,3125.888571,7480,2.4,32716,35.54
2003-01,2003,1,11.6,13.80235714,40.99969785,-4.782884616,25.86321429,31.538,366.18,188.9791667,237.245,329.7148809,1.498196,8.277184,0.917757333,53.9284,6067.214286,6885,2.6,32699,37.19
2003-02,2003,2,5.5,22.76107143,44.36879368,-4.083516484,25.72142857,32.74991667,358.8420833,206.421875,237.621875,325.4270833,1.520205,8.277515,0.92699,53.965,8903.121428,7539,3,35746,40.49
2003-03,2003,3,10,19.43914286,48.81594099,-0.68054945,23.29428572,31.87293333,346.7246667,203.6,232.65,310.5366667,1.478668,8.277312,0.92714,54.5358,11460.1,8432,3,31409,41.9
2003-04,2003,4,14.5,21.54142857,54.7817999,4.927197803,38.925,30.04675,345.24375,182.096875,239.475,309.421875,1.45947,8.277175,0.92212,52.7465,11607.975,8934,2.2,27761,39.06
2003-05,2003,5,18.5,23.10428571,58.37234805,7.739972528,31.15,29.368125,360.2995833,164.5,244.4,325.0666667,1.392595,8.276935,0.874235,52.391,7294.596429,5245,2.1,25046,40.48
2003-06,2003,6,23,24.06457143,64.31157948,11.86901099,25.19142857,30.3767,359.17,149.1025,240.615,321.085,1.356416,8.277052,0.854236,53.292,1608.157143,4310,2.1,20686,41.44
2003-07,2003,7,27.5,20.94607143,66.47705069,13.0293956,23.67142857,31.05158333,353.3420833,142.228125,218.18125,328.5895833,1.375655,8.277245,0.87903,53.5525,31.66785714,4204,2.1,36051,42.85
2003-08,2003,8,32,15.85685714,69.04713328,13.75714286,18.31285714,30.6896,362.644,137.9,218.49,351.65,1.394864,8.277092,0.893936,54.9366,0,24357,2.2,33877,42.62
2003-09,2003,9,36.5,23.17571429,61.20652054,9.222115385,20.63928571,28.963,371.2,141.509375,229.89375,340.49375,1.365695,8.27716,0.89143,54.98475,0,21408,2.3,34237,43.59
2003-10,2003,10,40.5,14.90392857,56.33168212,5.832554946,38.87678572,31.05041667,372.6916667,142.8375,220.7625,340.44375,1.327975,8.276835,0.85414,54.86875,44.04285714,12584,2,49312,44.72
2003-11,2003,11,45,21.52885714,49.62469819,1.723736263,46.22714286,31.10473333,383.5146667,141.2525,238.5075,369.0933333,1.312508,8.276868,0.854596,55.3918,874.3314286,5403,1.8,41734,45.08
2003-12,2003,12,49.5,17.375,45.2358528,0.479945055,37.77321429,32.42791667,389.1625,144.46875,247.51875,363.990625,1.313605,8.277015,0.81454,55.42875,3353.757143,7399,1.9,27927,45.91
2004-01,2004,1,11.6,17.91319048,42.31683978,-4.699413921,29.43047619,39.06056667,416.6896667,156.45,251.1,356.4988095,1.27287,8.276864,0.780884,55.5976,5973.387619,8334,1.9,48136,46.53
2004-02,2004,2,6,18.02685714,42.0393699,-4.298351648,23.59285714,36.8736,405.968,152.55,281.3625,368.1066667,1.326844,8.277104,0.793272,56.0518,9135.082856,9665,1.7,36759,43.16
2004-03,2004,3,10.5,15.965,51.98744417,1.001510989,27.36607143,39.155375,408.8875,161.375,301,369.459375,1.331125,8.27703,0.814845,56.3225,11596.53571,13827,1.7,41505,42.61
2004-04,2004,4,14.5,22.19392857,55.74200601,5.036401099,28.95,38.597125,402.93625,168.878125,317.196875,375.78125,1.3307,8.27695,0.82976,56.04125,11742.80714,13123,2.3,49517,42.3
2004-05,2004,5,19,25.47714286,61.0037144,8.141098901,29.20714286,40.34646667,393.3326667,159.03,301.82,366.8083333,1.375024,8.277032,0.834108,55.8148,6961.128571,13952,3.1,30652,43.38
2004-06,2004,6,23.5,27.72357143,63.91744074,10.26662088,27.14821429,38.85,402.65875,146.31875,290.784375,351.515625,1.36095,8.27668,0.823335,55.9545,1327.671429,10849,3.3,30287,46.58
2004-07,2004,7,27.5,19.6625,66.46151862,13.00563187,26.38035714,39.82095833,404.0625,133.91875,244.584375,339.75625,1.323395,8.2767,0.813,55.96225,44.52857143,13272,3,32879,51.2
2004-08,2004,8,32,23.92228572,66.43456599,13.12461538,30.94142857,43.5744,405.716,131.8333333,223.72,321.56,1.316172,8.276812,0.8217,55.8546,0,19755,2.7,29387,53.82
2004-09,2004,9,36.5,21.83535714,63.48566661,9.8614011,40.92321429,43.05733333,408.6608333,155.684375,216.65625,331.5375,1.294395,8.27666,0.820125,56.1865,0,21496,2.5,31787,58.02
2004-10,2004,10,41,20.762,57.413791,5.815604396,27.91142857,48.9056,415.476,143.58,205.34,322.41,1.250764,8.276548,0.80142,56.3408,64.88285715,14227,3.2,32562,61.61
2004-11,2004,11,45.5,21.925,50.74808858,2.994230769,33.71607143,45.36733334,426.0783333,145.375,199.478125,320.0125,1.196725,8.2765,0.770865,56.30125,917.0178572,10781,3.5,40518,59.6
2004-12,2004,12,49.5,16.84464286,42.59778093,-0.243131867,32.68035714,43.46025,428.4283333,163.953125,198.871875,319.8979167,1.216095,8.2765,0.74882,56.15775,3160.707143,11389,3.3,58228,54.26
2005-01,2005,1,10.33333333,17.10166667,42.01653079,-4.557967033,40.12976191,53.6669,447.8243333,171.2825,203.02,308.8652778,1.21246,8.235772,0.778936,55.216,6150.457143,14583,3,40161,54.16
2005-02,2005,2,6.5,15.40928571,46.61173313,-1.783928572,29.05535714,52.30775,435.075,160.990625,199.83125,308.740625,1.238635,8.2765,0.76887,54.785,9248.460715,14695,3,43310,54.33
2005-03,2005,3,10.5,18.03107143,48.40073391,0.528434065,16.23928572,55.176,435.79875,165.721875,213.984375,335.46875,1.21699,8.2765,0.75578,54.3585,11540.35357,11496,3.1,43927,58.82
2005-04,2005,4,14.5,18.96785714,56.05792219,5.553021978,24.58035714,53.78008333,432.2425,156.8625,208.65,316.0697917,1.22936,8.2765,0.77286,54.516,11799.725,12555,3.5,35812,62.4
2005-05,2005,5,19,18.822,59.09100656,7.926593407,39.45571428,52.3001,431.218,136.1,207.68,318.78,1.253604,8.2765,0.783896,54.299,7166.505715,11231,2.8,23848,64.36
2005-06,2005,6,23.5,18.6275,64.90387282,11.13502747,37.07678571,56.481,436.1416667,146.390625,222.709375,323.6333333,1.24419,8.2765,0.820205,55.02,1438.710714,12422,2.5,19972,58.84
2005-07,2005,7,28,22.88371429,70.43636777,14.41901099,35.34428571,57.53273333,432.3906667,168.1575,233.1075,326.0383333,1.22462,8.229836,0.829412,55.9738,42.37714286,9421,3.2,39404,59.46
2005-08,2005,8,32.5,23.7675,66.83667296,12.30576923,41.075,61.103125,440.53125,154.3375,216.95,314.5875,1.206765,8.102305,0.81274,55.9395,0,20923,3.6,49924,57.55
2005-09,2005,9,36.5,20.62607143,64.90097998,11.01607143,38.2125,62.05033333,449.6366667,151.3375,204.13125,315.4864583,1.182135,8.092615,0.81312,56.149,0,20220,4.7,36495,57.8
2005-10,2005,10,41,16.43342857,57.5565745,7.514065934,48.31142857,60.3259,459.8373333,164.16,202.68,326.56,1.17636,8.089988,0.83104,55.7348,57.77142857,14455,4.3,32543,58.53
2005-11,2005,11,45.5,19.21964286,50.02492853,3.64120879,30.97857143,57.18316667,464.3825,167.896875,193.91875,311.3833333,1.18327,8.08357,0.847205,54.571,861.1750001,12374,3.5,28361,62.23
2005-12,2005,12,49.5,21.37321428,45.24672024,-0.262087914,28.09821429,58.01070833,483.0945833,199.8125,197.0625,315.2697917,1.16171,8.076555,0.843425,53.63875,3064.246428,17250,3.4,37495,59.21
2006-01,2006,1,12.6,26.548,47.04456196,-1.178131868,39.65,66.996375,583.4225,190.48125,212.71875,364.7412203,1.158535,8.06589,0.825195,52.52775,6317,14777,4,44258,57.55
2006-02,2006,2,6.5,17.92357143,45.90633745,-1.914560438,32.275,63.789875,573.0975,191.778125,222.090625,373.440625,1.149355,8.05351,0.835855,51.76575,9161.692857,20198,3.6,35445,59.21
2006-03,2006,3,10.5,16.59678572,48.23353352,-0.439285715,22.58035714,64.07925,573.1833333,178.575,223.3,369.475,1.1524,8.038665,0.832755,51.20375,11484.46786,22879,3.4,38604,63.37
2006-04,2006,4,15,17.86571428,57.00504685,6.093516484,35.80142857,68.8172,612.6466667,174.1875,234.825,369.695,1.148512,8.01644,0.81708,51.3326,11524.05714,14671,3.5,23289,63.99
2006-05,2006,5,19.5,16.10857143,61.19085401,9.748351649,32.38214286,68.63875,640.82875,191.178125,244.7375,407.1125,1.11069,8.012705,0.783395,52.03425,6657.575,23683,4.2,35162,61.41
2006-06,2006,6,23.5,20.04571429,66.20485804,12.27802198,27.1125,68.02958333,593.2,191.63125,243.059375,384.9208333,1.11106,8.011775,0.7878,53.02425,1555.571429,26104,4.3,32321,58.62
2006-07,2006,7,28,20.20028572,70.7629913,15.4189011,30.96857143,71.61273333,617.1913333,208.7675,241.14,391.885,1.126656,7.99226,0.788736,52.51568,50.45999999,28547,4.1,37802,58.37
2006-08,2006,8,32.5,18.23678571,67.37077999,12.62980769,22.68214286,69.47875,616.7675,180.0125,230.8125,385.171875,1.12177,7.9759,0.7809,51.348,0,26726,3.8,35988,60.3
2006-09,2006,9,36.5,22.85428572,62.74466662,10.44271978,37.29285714,65.37833333,599.415,189.6375,234.06875,397.4802083,1.114965,7.945205,0.7841,50.46325,0,30856,2.1,45851,60.96
2006-10,2006,10,41,23.55971429,55.41528528,6.874285714,42.69571428,61.99966667,595.62,222.51,292.63,460.3716667,1.125584,7.905476,0.791904,50.034,51.23714287,34515,1.3,35965,60.11
2006-11,2006,11,45.5,18.11214286,51.03478434,2.556456044,29.08214286,62.25566667,617.5066667,256.8125,349.903125,449.88125,1.13548,7.869625,0.780135,49.8435,807.0821429,28243,2,29427,62.71
2006-12,2006,12,50,24.24742857,47.98208882,-0.093956044,29.77571429,63.3874,623.034,262.3875,370.725,466.45,1.150548,7.824788,0.757708,49.45488,3318.045714,38047,2.5,28471,66.39
2007-01,2007,1,2,19.00619048,40.64715411,-3.981169108,26.60904762,61.96093333,663.4726667,263.205,391.5225,538.24,1.175724,7.787728,0.769412,48.8708,6865.199524,37047,2.1,36022,68.41
2007-02,2007,2,6.5,17.39071429,44.96978944,-2.75242674,21.22857143,64.598875,678.51875,248.2,413.403125,521.20625,1.16986,7.75047,0.76295,48.23175,9687.764286,38659,2.4,35656,73.75
2007-03,2007,3,10.5,20.34571429,56.82973424,2.761630036,33.21071429,64.672,669.11,279.2625,400.8,515.05,1.16834,7.73773,0.75445,48.352,11795.67857,46637,2.8,51305,78.68
2007-04,2007,4,15,19.78571429,54.80015295,4.93202381,30.09,65.7486,682.181,267.9,363.5225,538.125,1.13094,7.721828,0.739416,47.7062,10996.01714,50842,2.6,46999,77.38
2007-05,2007,5,19.5,16.01285714,63.60766156,9.481043957,31.98035714,67.64079167,675.7033333,267.10625,370.675,553.7635417,1.090425,7.66807,0.741225,46.5615,5353.478572,44794,2.7,37901,79.84
2007-06,2007,6,23.5,17.99928571,68.40900301,12.6487065,38.25535714,71.35,670.83,281.4,380.6875,625.525,1.06592,7.630575,0.744995,46.17225,945.2285714,48510,2.7,42029,80.62
2007-07,2007,7,28,18.99628571,64.6279733,11.88939561,31.48571429,72.0441,678.018,265.8425,325.69,605.19,1.05212,7.574256,0.728856,45.505,17.96571429,48022,2.4,52093,77.42
2007-08,2007,8,32.5,21.03071429,71.46693208,13.99953068,29.20535714,71.74691667,673.77,248.0875,332.0375,684.6104167,1.059145,7.573735,0.735085,46.21475,0,33546,2,44805,77.43
2007-09,2007,9,37,14.82857143,61.33328281,7.985238093,23.65142857,74.09996667,704.1126667,270.785,349.85,713.7983333,1.0195,7.519144,0.716228,45.7788,0.362857143,33702,2.8,78003,87.13
2007-10,2007,10,41.5,21.68964286,56.4759966,5.868818681,25.97678572,84.2645,746.6875,279.425,361.5,789.6125,0.96719,7.49706,0.700415,43.895,126.0178572,35537,3.5,74863,92.91
2007-11,2007,11,45.5,16.66928571,49.38862089,1.44128892,33.81071429,86.60216667,764.2995833,280.984375,382.459375,750.365625,0.97048,7.41662,0.680235,42.98625,1162.242857,41704,4.3,70754,100.18
2007-12,2007,12,50,20.21814286,42.87333748,-3.093186813,33.77857143,87.209,780.51,291.915,429.94,830.1316667,1.000596,7.35762,0.687084,41.4556,3859.324286,41033,4.1,67200,106.56
2008-01,2008,1,11.6,13.18461429,40.45186198,-4.132730768,32.21971429,85.25493333,883.685,300.7625,466.7275,810.3028571,1.053064667,7.17157,0.687193333,42.13298333,6139.169714,62813,4.3,96208,109.92
2008-02,2008,2,5.5,20.27678571,43.23937386,-2.731043956,35.08214286,99.545875,898.675,347.759375,508.453125,908.2,1.003845,7.179245,0.6805,40.56575,8988.707143,68140,4,110638,114.34
2008-03,2008,3,10,18.32914286,47.76025601,-0.897252747,25.47714286,103.6398667,924.4036667,384.965,543.7925,992.9608333,0.998324,7.088032,0.648476,41.0806,11476.09143,133301,4,104724,128.77
2008-04,2008,4,14.5,20.61857143,55.33338497,4.829086539,20.56428572,106.141,891.16,381.525,591.4875,840.8375,1.013795,7.00064,0.63355,41.74825,11607.975,129110,3.9,84980,174.07
2008-05,2008,5,18.5,20.565,58.69090586,8.433241759,32.44285714,114.498,877.15625,395.1125,598.725,781.1760417,1.003695,6.983415,0.643075,42.6275,7294.596429,157779,4.2,62403,213.04
2008-06,2008,6,23,21.94657143,66.06273183,11.86725275,34.98857143,122.8426,886.308,406.39,676.68,832.975,1.011844,6.908776,0.642096,44.1662,1608.157143,108477,5,45859,214.57
2008-07,2008,7,27.5,22.75571429,67.59592411,13.25453297,48.01964286,118.7645417,916.53,422.3,660.5125,809.0375,1.011715,6.839005,0.63326,44.9625,31.66785714,87723,5.6,126142,239.64
2008-08,2008,8,32,24.52771429,67.98742051,13.69571429,37.67571428,111.8999333,848.8386667,365.95,556.03,814.3983333,1.049048,6.849208,0.664396,44.8612,0,69990,5.4,114217,256.06
2008-09,2008,9,36.5,18.77107143,62.54705349,9.506868133,29.23928571,103.90725,865.0625,331.225,544.040625,736.5875,1.0586,6.835955,0.696125,46.6971,0,58503,4.9,86962,245.37
2008-10,2008,10,40.5,21.69142857,56.08425477,6.298076922,32.56785715,85.8955,826.82,290.1375,424.1625,657.2395833,1.151355,6.83482,0.740515,47.66025,44.04285714,63181,3.7,81835,242.16
2008-11,2008,11,45,17.982,47.78920291,2.264047619,38.21142857,71.7558,798.483,222.7775,378.525,632.5783333,1.223716,6.83088,0.785656,49.08012,874.3314286,71674,1.1,58507,180.65
2008-12,2008,12,49.5,25.58571428,42.68595702,-4.400972987,40.75535714,68.178625,846.09875,209.234375,358.609375,686.625,1.23566,6.85627,0.74365,47.99765,3353.757143,51796,0.1,66185,162.44
2009-01,2009,1,11.6,11.94575238,38.56872574,-5.091772893,25.2332381,57.57595833,951.1866667,227.5225,400.65,550.6414583,1.188823,6.831947,0.735042,47.07205,5983.966286,87426,0,48264,164.15
2009-02,2009,2,5.5,17.80321429,42.20895836,-3.336950549,23.75714286,49.493375,961.9825,191.29375,368.0125,542.4775833,1.237035,6.836525,0.776475,47.158,8818.332143,82087,0.2,46359,165.59
2009-03,2009,3,10,19.99314286,48.0872213,-1.106813187,32.13142857,52.7458,955.682,185.56,370.98,531.9375,1.2621,6.836644,0.77032,48.3146,11398.56286,79834,-0.4,56365,168.55
2009-04,2009,4,14.5,18.72,53.79746461,4.93282967,27.09821429,54.28254167,931.5504167,192.45,389.175,526.8147917,1.231275,6.8328,0.756935,48.02225,11679.01786,70055,-0.7,45577,142.71
2009-05,2009,5,19,22.77028571,60.75995874,8.27978022,20.67285714,59.55316667,942.2246667,223.115,413.025,570.2341667,1.159868,6.824064,0.736308,47.5126,6753.848571,53320,-1.3,38544,132.29
2009-06,2009,6,23.5,20.68178571,65.77418957,11.71634615,32.33928572,64.71525,942.415,230.0875,417.4625,542.513,1.124385,6.834125,0.71391,47.733,1222.585714,50315,-1.4,34916,119.84
2009-07,2009,7,27.5,19.23321429,66.08596526,11.85590659,44.1125,63.14091667,944.9491667,209.528125,337.415625,526.4022917,1.13636,6.832065,0.7112,48.08575,37.54285715,47548,-2.1,40845,99.31
2009-08,2009,8,32,27.06,67.82415419,13.59384616,34.88142857,67.23273333,950.003,203.7166667,327.16,501.707,1.086332,6.832456,0.702176,48.1674,0,39390,-1.5,51337,95.28
2009-09,2009,9,36.5,23.92571428,63.13015055,9.783516481,32.32321429,65.0805,983.7016668,205.621875,319.040625,491.6116667,1.08226,6.8285,0.687675,48.161,0,36441,-1.3,38131,86.17
2009-10,2009,10,40.5,24.59392857,55.10697499,4.825274726,36.95714286,70.52858333,1011.675833,242.9,367.2375,508.924375,1.05359,6.82674,0.67605,46.839,38.43571429,43484,-0.2,25344,87.76
2009-11,2009,11,45,22.30142857,50.61640362,3.443095238,33.18142857,71.796,1068.926,257.4975,385.895,540.6423,1.061656,6.827608,0.671404,47.1246,822.0571429,30042,1.8,38595,87.97
2009-12,2009,12,49.5,24.7875,43.5522495,-2.693669872,30.15357143,67.805,1046.81375,253.0625,392.5315,536.22875,1.056755,6.8279,0.683485,46.3905,3257.342857,30353,2.7,28765,90.82
2010-01,2010,1,10.33333333,21.79896825,40.89889008,-3.104700855,29.73809524,79.03894445,1189.569722,274.16,429.4,573.9455556,1.03781,6.79177,0.709513333,45.681,6234.767064,47836,2.6,41797,92.95
2010-02,2010,2,6.5,16.46071429,43.0219496,0.785851649,26.37142857,78.585625,1165.71125,229.7625,362.69375,538.160375,1.055955,6.82923,0.73086,46.303,9334.625001,41899,2.1,34830,96.69
2010-03,2010,3,10.5,15.85857143,50.33856121,3.960714286,25.59107143,81.1855,1167.595,217.575,365.3125,538.432375,1.02402,6.82639,0.735925,45.78275,11594.54286,48792,2.3,55004,95
2010-04,2010,4,14.5,19.26428572,55.73384645,6.780906593,36.19821429,82.14504167,1167.96375,212.6625,352.8875,519.9184167,1.00601,6.8258,0.742175,44.737,11742.80714,41828,2.2,39286,92.46
2010-05,2010,5,19,20.79,60.87627906,10.09285714,28.84714286,76.8566,1200.142,197.77,362.9,519.6952381,1.035156,6.827312,0.788752,45.3968,6961.128571,58895,2,37257,88.18
2010-06,2010,6,23.5,21.38321429,65.85699752,11.97321429,36.37857143,79.44729167,1231.760417,233.865625,348.769,517.756,1.03827,6.82336,0.819015,46.25675,1327.671429,38845,1.1,41936,85.4
2010-07,2010,7,27.5,22.74428571,67.74098872,13.43777472,42.35714286,78.00733333,1220.275,253.940625,369.1491667,562.071625,1.046645,6.778665,0.79008,46.394,44.52857143,44186,1.2,58508,92.29
2010-08,2010,8,32,20.21171429,68.63471528,13.96494505,21.79428571,77.20193333,1221.166,269.76,400.58,644.2305,1.037816,6.784184,0.773028,45.29908,0,36108,1.1,52581,98.26
2010-09,2010,9,36.5,17.75,63.41647584,9.508585164,43.68928572,77.16508333,1250.4425,314.846875,472.2554167,665.3945834,1.03711,6.75916,0.772255,44.3332,0,41235,1.1,46580,107.42
2010-10,2010,10,41,18.28171428,57.60807554,6.986593406,31.29857143,80.6352,1302.488,358.01,538.8,667.078,1.01984,6.672068,0.722148,43.43048,64.88285715,38616,1.2,40977,112.35
2010-11,2010,11,45.5,19.6025,49.27585807,1.038873626,27.89285714,81.386125,1298.906667,356.575,552.959375,632.5432917,1.011655,6.65215,0.730175,43.48,917.0178572,35654,1.1,56516,118.16
2010-12,2010,12,49.5,22.14964286,43.56313776,-1.034340658,35.59285714,84.67558333,1312.760417,378.85,572.8315,685.9779167,1.01105,6.65678,0.7572,43.953,3160.707143,37983,1.5,89563,120.83
2011-01,2011,1,10.33333333,18.1047619,40.43555907,-3.637820514,27.70595238,93.61003333,1466.706667,372.345,634.4788667,747.9414191,0.998924,6.541592,0.753124,44.11168,6150.457143,43501,1.6,97680,120.67
2011-02,2011,2,6.5,14.13892857,46.37830066,-3.262774727,27.3125,94.141375,1476.52375,402.75625,687.3875,792.5084583,0.988975,6.578585,0.732295,43.67675,9248.460715,45909,2.1,76794,115.48
2011-03,2011,3,10.5,18.42964286,50.83902928,0.709949424,25.30892857,98.436375,1480.37625,355.1625,687.375,731.519375,0.976995,6.567,0.71501,43.4791,11540.35357,36853,2.7,86519,111.73
2011-04,2011,4,14.5,25.68321429,52.89060747,3.500412088,29.51964286,102.649875,1491.386667,381.034375,737.444,754.5780833,0.96224,6.537215,0.697525,43.24495,11799.725,52800,3.2,88059,110.52
2011-05,2011,5,19,30.01714286,59.50255128,9.275824175,40.61857143,100.3577,1524.824,355.05,726.81,769.5604,0.9641,6.500132,0.694476,43.1186,7166.505715,29353,3.6,55369,108.36
2011-06,2011,6,23.5,22.15892857,65.22622671,11.36593407,38.69821428,95.47416667,1541.218333,371.425,734.2065,708.005375,0.97711,6.476635,0.694825,43.33375,1438.710714,57355,3.6,81706,146.02
2011-07,2011,7,28,21.71885714,70.54770207,14.1681685,31.99285714,96.61526667,1575.926,347.8,678.6252,693.8269524,0.958776,6.460228,0.698876,42.8442,42.37714286,30755,3.6,88392,153.45
2011-08,2011,8,32.5,22.21821429,67.35615251,12.81521291,25.20892857,91.035125,1695.9075,348.2,706.55,725.2451667,0.98197,6.407935,0.698155,42.4175,0,40662,3.8,86806,155.85
2011-09,2011,9,36.5,22.04607143,62.20676936,10.76565934,29.9,89.92033333,1712.924167,353.25625,717.2315,711.5901667,0.9911,6.386395,0.719175,42.87915,0,57829,3.9,99406,160.61
2011-10,2011,10,41,17.73485714,56.96714277,7.784505494,34.35714286,89.09826667,1630.013333,333.38,631.34,659.943,1.023284,6.375948,0.73118,43.3876,57.77142857,92425,3.5,108727,160.82
2011-11,2011,11,45.5,19.1375,51.47428645,2.184729855,34.00714286,96.04483333,1652.13375,316.675,630.7875,648.0313572,1.023555,6.353295,0.73552,43.2115,861.1750001,76278,3.4,84573,158.79
2011-12,2011,12,49.5,17.97535715,47.81456377,1.562500002,35.61071429,96.25866667,1621.784167,307.425,593.65,640.8315893,1.02512,6.360555,0.756705,43.64015,3064.246428,62874,3,86958,149.11
2012-01,2012,1,12.6,17.46814286,43.62831635,-3.552090964,27.59,96.4101,1680.544,303.76,643.5452,699.5459667,1.009832,6.299116,0.772248,43.0986,6306.39,60210,2.9,105734,138.56
2012-02,2012,2,6.5,14.52857143,49.69722177,0.808704838,26.87857143,100.2275,1718.60375,317.796875,638.05,692.3038334,0.9979,6.302585,0.757615,42.644,9161.692857,57356,2.9,81532,139.33
2012-03,2012,3,10.5,21.07821429,57.67486375,3.540779429,20.23392857,102.166,1677.775,326.425,656.7625,688.5381667,0.99295,6.312925,0.756935,42.8845,11438.29286,72246,2.7,124047,136.91
2012-04,2012,4,15,20.44085714,58.26176722,6.008569098,26.00142857,100.713,1658.484,332.8375,632.5025,669.9653667,0.993752,6.306272,0.757984,42.7308,11589.93428,61676,2.3,117476,154.34
2012-05,2012,5,19.5,14.71178572,63.18128141,9.995331754,26.23928572,94.202375,1615.827917,330.4625,627.8625,697.653631,1.006225,6.319,0.77663,42.7465,6871.175,41087,1.7,88472,161.1
2012-06,2012,6,23.5,15.96178572,66.40946348,11.49654873,19.73214286,87.9035,1624.135,299.45,582.521875,690.85525,1.027755,6.363295,0.797815,42.9414,1677.746429,44256,1.7,74209,152.75
2012-07,2012,7,28,17.38257143,71.44663397,14.94359874,23.33571429,89.1961,1618.965,363.7525,747.195,809.6555,1.017036,6.368604,0.810612,41.9836,59.95428571,32267,1.4,66985,118.64
2012-08,2012,8,32.5,17.41142857,67.25196728,13.66197622,25.38392857,94.111125,1645.49,381.05,804.975,825.6540834,0.994915,6.36272,0.809215,42.00875,0,90880,1.7,100087,140.41
2012-09,2012,9,37,19.15028571,64.20599143,11.7647124,19.20142857,94.67896667,1719.753333,380.36,772.31,845.7523333,0.98098,6.327424,0.781108,41.8196,0,75109,2,118122,140.68
2012-10,2012,10,41.5,19.59607143,57.34070971,6.191600795,38.65357143,92.028125,1696.00625,382.5375,750.9125,815.9681667,0.98514,6.267955,0.770745,41.43515,56.93214285,84211,2.2,95413,134.99
2012-11,2012,11,45.5,15.99464286,50.62847514,3.228810112,21.54285715,89.04758333,1699.510417,370.325,737.59375,805.4691667,0.99835,6.236555,0.78003,41.1359,754.8357142,71618,1.8,80491,138.42
2012-12,2012,12,50,20.694,43.90559375,-1.93583105,29.61,90.47986667,1680.44,368.71,724.94,798.4733524,0.990584,6.23256,0.763852,40.99552,3221.411429,86601,1.7,100263,136.62
2013-01,2013,1,11.6,15.88438095,40.80628985,-3.481593724,19.82257143,96.7984,1484.91,348.5741667,651.3152,709.1216333,1.004427,6.189564,0.749155,41.4592,6150.796381,87354,1.6,78095,131.82
2013-02,2013,2,5.5,19.98285714,44.70680676,-0.875354437,25.12321429,97.324625,1533.8775,375,711.971875,723.9494583,1.00435,6.23176,0.744845,40.697,8988.707143,87563,2,56463,136.41
2013-03,2013,3,10,15.40571429,46.14416012,-0.046431817,19.42142857,95.2532,1539.862,400.995,723.03,714.271581,1.02432,6.217672,0.770672,40.7332,11520.08,62699,1.5,74851,129.71
2013-04,2013,4,14.5,19.79714286,53.51505509,4.67896645,17.16964286,93.305,1421.9575,378.1125,644.9875,695.1150833,1.0193,6.1888,0.76838,41.17175,11528.71072,82442,1.1,78052,117.32
2013-05,2013,5,18.5,23.95214286,60.67199411,8.308845599,21.07142857,96.28983333,1406.645833,394.3,674.775,690.6761667,1.01591,6.14688,0.769315,41.144,7083.082143,73997,1.4,71165,123.66
2013-06,2013,6,23,27.90628571,66.75154463,12.64036364,31.01714286,96.4596,1360.25,390.115,662.1975,688.4632,1.0324,6.132988,0.76048,42.7796,1493.74,75110,1.8,87707,114.45
2013-07,2013,7,27.5,22.835,67.37984453,13.58097403,28.65357143,101.9753333,1366.358333,371.771875,600.6315,676.1611667,1.04195,6.13464,0.76531,43.35625,26.66785714,88900,2,128259,110.33
2013-08,2013,8,31.5,19.01392857,65.91105728,12.73905844,23.42142857,102.2503333,1392.8125,359.35,480.075,662.2494167,1.036075,6.123305,0.75107,43.6785,0,75342,1.5,93395,107.23
2013-09,2013,9,36,21.99942857,65.26562199,11.54624098,23.96714286,103.7834,1372.577,347.76,475.35,667.9723,1.0386,6.120352,0.749396,43.8652,0,120428,1.2,118834,102.14
2013-10,2013,10,40.5,20.725,55.72350594,7.10010101,23.13571429,99.548375,1360.92625,326.1875,441.05,692.35075,1.034505,6.107385,0.734325,43.16275,50.20714287,107479,1,52669,98.31
2013-11,2013,11,44.5,20.4725,51.38830084,2.327540584,26.1625,96.36583333,1353.009167,340.975,425.275,671.3225,1.045955,6.09293,0.739585,43.4425,704.8964285,85920,1.2,25214,99.75
2013-12,2013,12,49,20.21885714,42.19826226,-3.389578644,30.54857143,97.5272,1287.137,364.67,425.3325,645.1127,1.06246,6.079388,0.731492,44.0956,3125.888571,105897,1.5,60526,101.25
2014-01,2014,1,11.6,11.02057143,39.98530621,-2.803798702,15.78464286,87.19273333,1288.546667,363.4375,421.2995,592.6218333,1.100646667,6.082601333,0.751733333,44.8516,6067.214286,87650,1.6,73085,105.67
2014-02,2014,2,5.5,18.57107143,43.54305327,-2.524772729,30.01071429,97.77404167,1311.2375,430.33125,442.1,597.2585417,1.10662,6.063975,0.733255,45.0056,8903.121428,72618,1.1,56676,105.61
2014-03,2014,3,10,18.048,45.21718202,-2.799532467,20.48714286,98.12000001,1329.587333,476.42,475.89,640.8896667,1.110704,6.16176,0.72412,44.76332,11460.1,92264,1.5,71775,102.6
2014-04,2014,4,14.5,21.10892857,54.16682731,3.751006493,28.38214286,99.34858333,1307.354167,407.99375,500.525,645.74025,1.099545,6.219865,0.724435,44.62825,11607.975,109018,2,96475,94.91
2014-05,2014,5,18.5,25.05785715,58.52896182,8.031948052,20.35714286,98.43895833,1310.130833,387.3625,496.1375,647.5972083,1.091115,6.23953,0.72584,43.998,7294.596429,88471,2.1,102979,96.03
2014-06,2014,6,23,25.39714286,65.97794266,11.5312987,32.43142857,101.6276,1299.872333,347.98,452.105,595.2065667,1.08368,6.235272,0.735248,43.8224,1608.157143,92521,2.1,61243,99.5
2014-07,2014,7,27.5,20.69392857,65.96503601,12.95681818,22.12857143,99.37004168,1408.612917,350.359375,391.46875,561.2183333,1.07062,6.203465,0.736855,43.4825,31.66785714,108474,2,75809,100.48
2014-08,2014,8,32,20.14542857,67.88088261,13.18153247,27.93428571,95.0796,1417.92,362.86,359.77,558.0356,1.091388,6.158084,0.750236,43.73844,0,69726,1.7,103517,101.44
2014-09,2014,9,36.5,17.70214286,62.41520103,9.703571428,19.43928572,93.000625,1358.04125,356.5125,337.078125,539.665625,1.099125,6.138395,0.77411,44.12815,0,58326,1.7,91241,102.79
2014-10,2014,10,40.5,22.03607143,58.78260629,8.14237013,27.96607143,87.68133334,1344.015,346.125,341.475,537.5738333,1.121085,6.13031,0.78804,44.8354,44.04285714,77675,1.7,52047,103.53
2014-11,2014,11,45,19.71485714,47.25550822,1.49,28.19714286,81.1224,1323.047333,331.19,373.4152,559.9148571,1.13054,6.12352,0.799548,44.9286,874.3314286,60913,1.3,32382,103.35
2014-12,2014,12,49.5,22.43142857,47.46966731,1.139415585,23.8625,73.522375,1312.9225,305.55625,395.165625,612.648125,1.153325,6.18767,0.81093,44.6665,3353.757143,57743,0.8,55233,101.78
2015-01,2015,1,11.6,24.3152,43.22523909,-2.505194805,25.7327619,47.5494,1194.978667,281.0625,386.15,510.0229167,1.231878,6.264862,0.86285,45.1684,5983.966286,86818,-0.1,54171,101.36
2015-02,2015,2,5.5,15.18321429,42.98136604,-2.543116882,20.36607143,49.38,1214.731666,279.259375,383.028125,517.0395833,1.25128,6.24939,0.880475,44.202,8818.332143,80563,0,66735,101.7
2015-03,2015,3,10,18.93342857,47.69312021,-0.86961039,22.17,48.2964,1174.672,281.43,382.02,511.48,1.258472,6.246152,0.915908,44.4188,11398.56286,90066,-0.1,75533,100.88
2015-04,2015,4,14.5,22.39,56.15990674,5.188474026,25.48214286,52.2365,1178.48,263.2625,378.125,498.4583333,1.242825,6.20077,0.928805,44.42975,11679.01786,67120,-0.2,71888,95.16
2015-05,2015,5,19,23.988,60.77747718,9.825506494,19.39428571,56.3466,1196.823,237.81,359.405,500.2975,1.21606,6.204224,0.897672,44.562,6753.848571,60365,0,53613,95.41
2015-06,2015,6,23.5,27.0175,66.79204994,11.15308442,26.66964286,54.8895,1180.425,254.5,360.975,518.5,1.234675,6.20591,0.88973,45.0249,1222.585714,44643,0.1,53040,100.19
2015-07,2015,7,27.5,20.31,68.5023919,12.84996753,28.41964286,50.811375,1149.752083,246.028125,415.275,542.1822917,1.27714,6.208045,0.90789,45.21635,37.54285715,41535,0.2,65523,99.81
2015-08,2015,8,32,19.98514286,69.29870541,13.99896104,20.91571429,45.73646667,1140.196333,227.16,368.73,503.6883333,1.311392,6.311668,0.899852,46.11484,0,36518,0.2,64546,98.44
2015-09,2015,9,36.5,19.09321429,64.88335727,10.78701299,20.45357143,47.29525,1149.828333,231.046875,370.596875,503.85,1.32492,6.36985,0.88988,46.7623,0,41445,0,47283,99.61
2015-10,2015,10,40.5,20.455,59.97184954,7.903896103,23.53035714,46.98141667,1155.135833,225.2875,384.4,505.2979167,1.30916,6.352245,0.88707,46.29365,38.43571429,31178,0.2,30423,95.47
2015-11,2015,11,45,26.67857143,52.17350399,3.505194805,30.72714286,44.8043,1115.073,233.3125,369.1275,495.125,1.325056,6.365544,0.92688,47.01844,822.0571429,49265,0.5,43539,96.56
2015-12,2015,12,49.5,29.52892857,49.99776634,1.160292207,29.20714286,42.441375,1118.91125,243.490625,370.790625,491.30625,1.366605,6.444505,0.91938,47.2404,3257.342857,59886,0.7,38207,96.25
2016-01,2016,1,10.33333333,16.44095238,42.96417021,-1.456471862,26.73154762,38.2995,1150.056389,209.355,359.6376667,450.8355833,1.404636667,6.62344,0.926156667,47.79813333,6226.251191,45733,1.4,55829,90.32
2016-02,2016,2,6.5,19.57821429,49.05125236,0.899545454,28.14285714,37.100625,1239.41,191.840625,363.865625,444.2,1.38024,6.54902,0.899665,47.62975,9334.625001,42952,1,59836,80.3
2016-03,2016,3,10.5,18.38178571,53.30155987,2.769675326,23.44821429,40.23125,1254.765,181.74375,362.8875,455.515625,1.32569,6.51147,0.901305,46.7014,11545.23571,34568,0.9,37750,82
2016-04,2016,4,14.5,22.91821429,57.0189498,6.329772727,19.8375,41.04316667,1247.962083,190.125,368.55,460.259375,1.29169,6.47604,0.88241,46.2037,11799.725,26625,1.1,47958,81.36
2016-05,2016,5,19,23.46114286,60.34227844,9.221636363,23.24,45.712,1249.628,189.26,387.61,459.0025,1.28682,6.517408,0.88352,46.8336,7166.505715,25715,1,46222,81.09
2016-06,2016,6,23.5,21.07785714,67.29835789,12.30594156,21.5375,47.44133333,1259.843125,200.85,417.075,454.5208334,1.28857,6.58001,0.887835,46.3736,1438.710714,22614,1,40967,72.54
2016-07,2016,7,28,20.66257143,71.19048533,15.45096104,22.97857143,44.624,1302.29,212.0475,348.37,426.565,1.30284,6.673392,0.903644,47.07004,42.37714286,38799,0.8,31036,76.65
2016-08,2016,8,32.5,23.89785714,67.89091747,13.56970779,31.48392857,45.0115,1295.455,176.225,325.6375,426.8,1.29872,6.644275,0.891965,46.638,0,43041,1.1,56121,72.69
2016-09,2016,9,36.5,20.87142857,65.53723663,11.11237013,20.19107143,44.32054167,1297.8125,168.13,324.596875,409.9760417,1.307155,6.673685,0.89273,47.24185,0,39666,1.5,55221,73.05
2016-10,2016,10,41,19.89114286,59.81855611,6.850337662,35.82142857,47.2656,1277.288,197.15,345.62,419.955,1.322128,6.717432,0.903692,48.32684,57.77142857,24515,1.6,68082,72.97
2016-11,2016,11,45.5,15.59642857,52.47739581,3.829545454,29.91964286,45.96504167,1235.868333,224.4125,346.371875,416.5604167,1.344575,6.83372,0.924465,49.1133,861.1750001,36288,1.7,85285,74.51
2016-12,2016,12,49.5,20.96535715,45.30890132,-0.924188312,26.75892857,50.66925,1188.644167,212.95,348.0125,410.7416667,1.332295,6.9129,0.94636,49.7915,3064.246428,33256,2.1,45259,75.03
2017-01,2017,1,12.6,17.93771428,42.01285085,-3.456103895,25.13285714,54.44008333,1230.755417,245.159375,362.203125,429.690625,1.321765,6.89713,0.94168,49.7449,6317,33374,2.5,72910,76.79
2017-02,2017,2,6.5,16.49642857,50.94331878,1.03090909,24.52321429,53.845,1236.860833,253.45625,368.646875,437.871875,1.309425,6.873955,0.93836,49.95365,9161.692857,35725,2.7,86583,76.75
2017-03,2017,3,10.5,19.63535714,51.33496626,0.506630592,23.75357143,52.46816667,1239.251667,257.2875,363.8625,434.33125,1.33766,6.896755,0.938165,50.26385,11484.46786,46555,2.4,112232,76.45
2017-04,2017,4,15,25.83485714,57.52053605,5.052051948,32.62857143,52.37206667,1265.661033,223.6025,362.375,422.1983333,1.34184,6.888912,0.932584,49.88744,11524.05714,44390,2.2,97303,73.74
2017-05,2017,5,19.5,31.77321428,61.05930952,9.024383116,29.275,52.594375,1253.33125,243.625,366.325,435.63125,1.36153,6.89163,0.90628,49.8543,6657.575,43521,1.9,97367,68.51
2017-06,2017,6,23.5,28.64214286,65.57794015,11.27782468,28.78928572,51.96442857,1257.892143,254.184375,374.728125,445.39375,1.33721,6.81455,0.89264,49.7666,1555.571429,57068,1.6,77017,70.26
2017-07,2017,7,28,26.27685714,68.93782961,13.6703557,29.01142857,52.83506667,1250.845333,285.105,374.6825,470.315,1.278548,6.780636,0.870932,50.59184,50.45999999,73498,1.7,77568,68.92
2017-08,2017,8,32.5,20.20357143,66.1867372,12.50042208,26.16607143,51.98575,1272.465,263.3,357.5625,424.13125,1.261635,6.685995,0.847785,50.91875,0,88852,1.9,52941,70.75
2017-09,2017,9,36.5,18.6625,64.66916718,10.83448052,20.60535715,52.06433333,1282.475833,235.696875,343.840625,433.2604167,1.230955,6.55743,0.83759,51.04685,0,59827,2.2,66721,74.08
2017-10,2017,10,41,19.722,59.38975301,8.478707071,22.65571428,51.13193333,1271.555,258.51,350.39,440.7991667,1.25408,6.629128,0.8495,51.29032,51.23714287,58143,2,29259,78.09
2017-11,2017,11,45.5,16.23821429,51.25412969,1.892629871,29.32678572,51.74383333,1271.47675,264.134375,344.49375,428.125,1.27596,6.626695,0.854105,51.0774,807.0821429,71196,2.2,39173,82.68
2017-12,2017,12,50,13.40571428,43.85470366,-3.638337661,26.07571428,51.6484,1270.288,241.12,343.9625,423.05,1.277332,6.594332,0.844456,50.298,3318.045714,73224,2.1,60415,74.1
2018-01,2018,1,2,18.90590476,42.91477563,-2.73275591,23.22904762,54.91413333,1308.921333,257.2525,353.3575,467.0716667,1.24274,6.419764,0.818828,50.65104,6865.199524,70734,2.1,47499,75.45
2018-02,2018,2,6.5,24.36178572,49.23574883,-0.6014831,23.29642857,54.05491667,1308.527083,265.915625,367.6645833,472.2072917,1.263625,6.328965,0.81146,51.9373,9687.764286,61970,2.2,62341,77.7
2018-03,2018,3,10.5,21.81642857,51.86264123,2.112903762,23.98214286,53.39279167,1305.118333,242.540625,379.653125,477.478125,1.293395,6.317305,0.81036,52.13105,11795.67857,71293,2.4,66172,78.28
2018-04,2018,4,15,21.85428572,52.80473984,4.163326673,34.50571429,53.5538,1308.216,229.99,387.45,480.38,1.275036,6.307436,0.818056,51.98684,10996.01714,77628,2.5,50994,78.59
2018-05,2018,5,19.5,27.13928571,66.13437329,11.40777056,20.15,56.559,1283.810834,239.43125,398.5125,511.9041667,1.287445,6.37974,0.84948,52.3571,5353.478572,75005,2.8,63598,77.4
2018-06,2018,6,23.5,26.9975,69.9876411,13.68267941,26.46428572,55.57441667,1267.8275,240.5125,363.5375,496.8020833,1.313645,6.470835,0.856745,53.15165,945.2285714,79063,2.9,38936,78.03
2018-07,2018,7,28,25.68514286,64.94332245,11.90572028,30.24571429,54.934,1255.338,242.9,351.105,506.8925,1.311608,6.730404,0.856456,53.3476,17.96571429,70745,2.9,55338,82.64
2018-08,2018,8,32.5,26.47821429,70.73097777,14.88518232,17.85,57.01475,1212.125,255.4375,357.0125,522.4333333,1.304155,6.850315,0.866715,53.31355,0,69064,2.7,70972,84.57
2018-09,2018,9,37,27.302,62.37965945,7.573984016,23.39142857,56.91753333,1243.316,250.765,355.76,501.4441667,1.300012,6.858248,0.859564,54.04264,0.362857143,49880,2.3,56448,86.7
2018-10,2018,10,41.5,19.99428572,53.44109193,4.939107143,28.78214286,58.278375,1230.64375,289.275,368.5875,504.709375,1.305855,6.93272,0.872575,53.79385,126.0178572,51746,2.5,62892,88.15
2018-11,2018,11,45.5,20.17785714,46.85684071,0.760720529,32.63214286,54.7665,1239.679167,289.015625,365.25,497.1958334,1.32146,6.94237,0.880395,52.69225,1162.242857,39469,2.2,52333,93.12
2018-12,2018,12,50,28.09242857,45.64491513,-2.216635365,23.77428571,52.06033333,1268.056667,279.7725,375.99,509.2483333,1.348256,6.884064,0.87786,52.76164,3859.324286,65825,1.9,55450,89.43
2019-01,2019,1,11.6,24.48721905,42.74596657,-3.171208791,30.36552381,52.92,1372.002,289.2683333,380.69,512.0216667,1.327616,6.842793,0.879214,52.10537,6150.796381,56477,1.6,86039,86.82
2019-02,2019,2,5.5,20.77714286,42.69387813,-4.203296705,20.03571429,53.72416667,1353.084167,280.934375,376.525,498.0541667,1.32121,6.745065,0.879965,52.22055,8988.707143,23306,1.5,49600,84.84
2019-03,2019,3,10,16.70742857,48.8219573,0.19912088,20.10285714,53.8732,1336.692,264.92,366.47,470.13,1.333388,6.708264,0.883852,52.3924,11520.08,57318,1.9,43314,84.28
2019-04,2019,4,14.5,23.87357143,56.75572987,5.513644688,32.96428572,54.22025,1337.6825,289.859375,358.25,468.73125,1.336975,6.71428,0.88983,51.96925,11528.71072,43615,2,79276,84.71
2019-05,2019,5,18.5,24.61035714,60.33302467,7.129120879,21.31428571,53.32916667,1333.544167,299.325,367.8875,474.35625,1.34455,6.82917,0.893325,52.1929,7083.082143,28830,1.8,66879,84.42
2019-06,2019,6,23,26.22257143,66.66536968,11.66454823,26.08,53.07713333,1367.039333,295.9025,433.2925,512.39,1.33228,6.898896,0.887312,51.78612,1493.74,33280,1.6,71225,83.78
2019-07,2019,7,27.5,23.52857143,68.77804561,12.81005037,25.71785714,52.08566667,1409.333333,274.784375,429.48125,493.2166667,1.308975,6.87559,0.890675,51.14695,26.66785714,25656,1.8,68272,82.71
2019-08,2019,8,31.5,22.35464286,67.88540607,12.15389194,17.075,51.921,1443.13,268.3,385.4875,480.06875,1.32506,7.013515,0.897735,51.96815,0,25373,1.7,119780,81.75
2019-09,2019,9,36,20.82428571,66.39359836,10.55783883,27.19428572,51.7263,1473.308,273.6775,359.8975,482.76,1.325056,7.122656,0.907076,52.1092,0,25641,1.7,46553,77.84
2019-10,2019,10,40.5,24.42571428,56.38320081,5.269116301,33.94285714,51.7665,1439.87375,290.775,390.0875,503.73125,1.32066,7.1053,0.90612,51.5465,50.20714287,28131,1.8,78893,77.73
2019-11,2019,11,44.5,23.98785714,48.96429217,1.881662089,33.92142857,52.02483333,1433.444167,305.1375,377.575,504.6333334,1.32001,7.024335,0.903015,50.7615,704.8964285,27195,2.1,49404,75.04
2019-12,2019,12,49,24.52914286,45.48242515,-1.555164835,22.13142857,52.7608,1450.656,308.4225,375.76,527.1248,1.319864,7.018548,0.90192,50.7756,3125.888571,37803,2.3,89547,72.63
2020-01,2020,1,11.6,17.00222857,44.56325038,-2.819835164,22.03542857,48.3381,1691.487333,312.2975,403.7258333,571.7683333,1.299015333,6.844585333,0.882021667,50.2599,6055.326286,46399,2.5,61632,70.84
2020-02,2020,2,5.5,12.7375,46.56678157,-0.907760989,28.55,47.509375,1666.891667,302.040625,380.85,550.7210833,1.324865,6.977225,0.914665,50.736,8903.121428,27985,2.3,91840,71.03
2020-03,2020,3,10,19.34828571,51.06387229,0.495659341,24.67714285,42.7296,1649.775333,266.22,363.31,542.26,1.381032,7.013056,0.90612,51,11417.53429,41908,1.5,67478,73.33
2020-04,2020,4,14.5,21.37678572,54.99215066,4.871520148,27.00357143,40.48783333,1732.979583,280.05625,326.45,545.68125,1.40721,7.071355,0.918265,50.6985,11679.01786,45005,0.3,89071,73.7
2020-05,2020,5,19,26.85685714,62.92112788,10.12118715,18.16571428,39.5595,1748.511,317.405,316.6052,522.0908333,1.39676,7.098412,0.917352,50.54804,6753.848571,29902,0.1,51538,67.44
2020-06,2020,6,23.5,18.55928571,66.82347032,12.65959041,20.50357143,42.643,1770.0425,316.8,327.1375,515.35625,1.354095,7.082425,0.88802,50.06885,1222.585714,26836,0.6,61826,66.8
2020-07,2020,7,27.5,19.26821429,69.7130274,13.35350275,33.73214286,43.41358333,1812.389167,315.6875,335.84375,532.178125,1.35423,7.01596,0.87922,49.4815,37.54285715,45375,1,71927,69.84
2020-08,2020,8,32,20.612,70.90013708,14.05209624,23.74571429,44.38723333,1888.715,272.44,322.88,529.2608333,1.326544,6.943784,0.846288,48.842,0,33575,1.3,61167,75.96
2020-09,2020,9,36.5,20.8375,63.7967061,9.259072178,21.37142857,43.90658333,1857.844167,275.5,359.625,551.240625,1.31903,6.81395,0.84695,48.517,0,30527,1.4,66972,76.86
2020-10,2020,10,40.5,23.87678571,58.52618332,6.832692306,30.23571429,44.123375,1870.476667,290.8875,392.7,578.525,1.321615,6.742355,0.849795,48.50395,38.43571429,30108,1.2,43776,76.59
2020-11,2020,11,45,21.00942857,51.27260535,1.844780219,28.94285714,43.182,1849.546,297.03,413.9475,577.5177,1.3112,6.623904,0.846444,48.2868,822.0571429,42432,1.2,74272,77.14
2020-12,2020,12,49.5,24.8075,46.11714385,-0.230321762,30.475,44.959875,1836.58625,326.578125,428.221875,576.88625,1.28236,6.542795,0.823175,48.07925,3257.342857,26788,1.4,65987,78.83
2021-01,2021,1,10.33333333,20.93436508,43.67619759,-3.431206295,15.55992063,57.03183333,1843.945278,425.7525,525.1229167,688.5201389,1.272523333,6.46076,0.831533333,48.50466667,6507.507143,27588,1.4,93743,82.96
2021-02,2021,2,6.5,18.635,43.88247062,-1.523062354,27.11428572,58.56216667,1810.539167,354.296875,549.1195833,679.0645833,1.26934,6.4610625,0.826745,48.266,9334.625001,19989,1.7,123530,100.07
2021-03,2021,3,10.5,23.64821429,53.26075984,3.347831336,18.16428571,59.067875,1778.50375,376.675,553.2125,672.38125,1.256575,6.50284,0.838545,48.547,11594.54286,26110,2.6,80321,104.17
2021-04,2021,4,14.5,17.28357143,54.64362394,5.351998001,19.91428572,59.57041667,1789.783333,379.346875,581.8,676.2375,1.254745,6.534405,0.839795,48.48885,11742.80714,23684,4.2,128916,101.56
2021-05,2021,5,19,17.58714286,62.56162772,9.561958041,24.25142857,61.08993333,1844.123333,382.28,698.08,697.2766667,1.216476,6.437492,0.824088,47.9846,6961.128571,24503,5,108906,106.07
2021-06,2021,6,23.5,23.1275,66.7895379,12.57435065,26.93928572,64.3925,1821.2875,379.68125,668.494,676.6745,1.219485,6.41857875,0.82838,48.0626,1327.671429,26704,5.4,106818,119.77
2021-07,2021,7,27.5,21.735,68.7044319,14.50418123,26.18571429,63.97941667,1819.384167,412.465625,634.403125,680.8770833,1.24956,6.471645,0.845165,49.829,44.52857143,34746,5.4,142158,126.96
2021-08,2021,8,32,22.26314286,70.66876523,14.55105761,25.88571429,63.77666667,1806.910667,479.15,553.1,707.69,1.257964,6.478548,0.848792,50.2254,0,54122,5.3,123204,130.75
2021-09,2021,9,36.5,24.63678572,65.37222048,10.92074176,26.86071429,65.34283333,1794.16,519.096875,517.0625,695.8166667,1.266365,6.455965,0.847755,49.9896,0,61076,5.4,173835,129.49
2021-10,2021,10,41,23.602,59.32368,7.704410589,28.30857143,71.054,1794.708,644.35,536.67,731.08,1.247688,6.425597,0.861504,50.75644,0.02,30451,6.2,81612,171.53
2021-11,2021,11,45.5,16.76785714,50.83768954,2.679299867,35.54285714,68.60816667,1825.506667,742.759375,571.084375,772.0083333,1.254675,6.39024,0.87581,50.3369,,14158,6.8,79622,204.51
2021-12,2021,12,49.5,15.2675,48.97675123,-0.915817517,20.28214286,66.27458333,1800.8875,703.475,588.0525,752.0545833,1.279555,6.369725,0.884815,50.195,,46742,7,102145,208.01
